{
  "best_model_name": "hgb",
  "model_comparison": {
    "logreg": {
      "cv_best_roc_auc": 0.7574819124672434,
      "valid_roc_auc": 0.7891335763786252,
      "best_params": {
        "model__C": 0.04328761281083057
      }
    },
    "random_forest": {
      "cv_best_roc_auc": 0.8520624888296892,
      "valid_roc_auc": 0.883447739788266,
      "best_params": {
        "model__n_estimators": 500,
        "model__min_samples_leaf": 8,
        "model__max_depth": 8
      }
    },
    "hgb": {
      "cv_best_roc_auc": 0.8611888989961489,
      "valid_roc_auc": 0.8880896859022783,
      "best_params": {
        "model__min_samples_leaf": 20,
        "model__max_leaf_nodes": 15,
        "model__learning_rate": 0.05
      }
    }
  },
  "test_metrics": {
    "roc_auc": 0.8709266753549626,
    "pr_auc": 0.7316624055571359,
    "accuracy": 0.844,
    "precision": 0.6011396011396012,
    "recall": 0.6918032786885245,
    "f1": 0.6432926829268293,
    "threshold": 0.27499999999999997,
    "top_10pct_recall": 0.4163934426229508,
    "top_05pct_recall": 0.2360655737704918
  },
  "notes": {
    "threshold_selection": "Threshold chosen on validation set to maximize F1 for this project. In production, choose threshold based on cost/ROI constraints."
  }
}